Cap_Model,Scenario,FY,DayType,Observations,Mean_Impact,Median_Impact,P75_Impact,P95_Impact
$1000/MWh,Accelerated Transition,FY2026,Weekday,224628,3.5551293,2.5849,5.099451,11.753662
$1000/MWh,Accelerated Transition,FY2026,Weekend,90432,3.6702688,2.854025,5.337698,11.089499
$1000/MWh,Accelerated Transition,FY2027,Weekday,224628,8.491372,6.6868553,11.59404,24.141151
$1000/MWh,Accelerated Transition,FY2027,Weekend,90432,8.885262,7.3988495,12.286964,22.51275
$1000/MWh,Accelerated Transition,FY2028,Weekday,224628,15.508536,12.461117,21.051306,41.88647
$1000/MWh,Accelerated Transition,FY2028,Weekend,90432,16.435751,13.9250145,22.361668,39.34881
$1000/MWh,Accelerated Transition,FY2029,Weekday,224628,24.663149,20.250381,34.01393,63.88452
$1000/MWh,Accelerated Transition,FY2029,Weekend,90432,26.406944,22.499897,35.62022,61.88776
$1000/MWh,Accelerated Transition,FY2030,Weekday,224628,38.12966,32.190117,53.83757,95.25319
$1000/MWh,Accelerated Transition,FY2030,Weekend,90432,41.271896,34.855587,55.90825,95.37982
$1000/MWh,Slower Growth,FY2026,Weekday,224628,1.4343262,0.7744827,2.161314,5.963363
$1000/MWh,Slower Growth,FY2026,Weekend,90432,1.4742576,0.86364937,2.265335,5.7294326
$1000/MWh,Slower Growth,FY2027,Weekday,224628,2.8517816,1.9919167,4.1461496,9.859842
$1000/MWh,Slower Growth,FY2027,Weekend,90432,2.9426043,2.2094326,4.3373814,9.374314
$1000/MWh,Slower Growth,FY2028,Weekday,224628,4.2634068,3.178362,6.0473633,13.673799
$1000/MWh,Slower Growth,FY2028,Weekend,90432,4.406092,3.4777374,6.351017,12.939062
$1000/MWh,Slower Growth,FY2029,Weekday,224628,6.024387,4.653515,8.311056,18.155468
$1000/MWh,Slower Growth,FY2029,Weekend,90432,6.2746444,5.14052,8.792849,16.949173
$1000/MWh,Slower Growth,FY2030,Weekday,224628,8.139613,6.396824,11.128689,23.267296
$1000/MWh,Slower Growth,FY2030,Weekend,90432,8.504453,7.076454,11.798019,21.70903
$1000/MWh,Step Change,FY2026,Weekday,224628,2.5004234,1.7051373,3.645153,8.91819
$1000/MWh,Step Change,FY2026,Weekend,90432,2.5722177,1.872602,3.8323555,8.474239
$1000/MWh,Step Change,FY2027,Weekday,224628,5.670245,4.364212,7.8686714,17.256546
$1000/MWh,Step Change,FY2027,Weekend,90432,5.8991113,4.8020096,8.324891,16.180967
$1000/MWh,Step Change,FY2028,Weekday,224628,9.2012415,7.272482,12.514584,25.872612
$1000/MWh,Step Change,FY2028,Weekend,90432,9.624703,8.06852,13.274547,24.238174
$1000/MWh,Step Change,FY2029,Weekday,224628,13.767688,10.998259,18.697226,37.493885
$1000/MWh,Step Change,FY2029,Weekend,90432,14.54629,12.284454,19.850456,35.080704
$1000/MWh,Step Change,FY2030,Weekday,224628,19.71617,15.950985,26.892088,52.35644
$1000/MWh,Step Change,FY2030,Weekend,90432,21.055956,17.879223,28.43901,49.665016
p99,Accelerated Transition,FY2026,Weekday,224628,3.4066565,2.5463066,5.0112553,11.49407
p99,Accelerated Transition,FY2026,Weekend,90432,3.6491175,2.8422089,5.3478546,11.182939
p99,Accelerated Transition,FY2027,Weekday,224628,8.120489,6.6079674,11.560766,23.192516
p99,Accelerated Transition,FY2027,Weekend,90432,8.776434,7.387352,12.3375435,22.485334
p99,Accelerated Transition,FY2028,Weekday,224628,14.78258,12.340866,20.899742,39.700577
p99,Accelerated Transition,FY2028,Weekend,90432,16.134607,13.896111,22.385248,38.63188
p99,Accelerated Transition,FY2029,Weekday,224628,23.39634,19.760662,33.444504,60.2928
p99,Accelerated Transition,FY2029,Weekend,90432,25.714037,22.35672,35.53811,60.095238
p99,Accelerated Transition,FY2030,Weekday,224628,35.945404,31.410212,52.234158,88.450035
p99,Accelerated Transition,FY2030,Weekend,90432,39.716373,34.590614,54.879044,91.315475
p99,Slower Growth,FY2026,Weekday,224628,1.364831,0.7872162,2.1017647,5.9252167
p99,Slower Growth,FY2026,Weekend,90432,1.4617467,0.8757839,2.233654,5.8423495
p99,Slower Growth,FY2027,Weekday,224628,2.727832,1.9709015,4.0626793,9.724086
p99,Slower Growth,FY2027,Weekend,90432,2.9275353,2.192646,4.34912,9.4466095
p99,Slower Growth,FY2028,Weekday,224628,4.0850534,3.1246529,5.9357395,13.217428
p99,Slower Growth,FY2028,Weekend,90432,4.382391,3.5013638,6.3402214,12.928905
p99,Slower Growth,FY2029,Weekday,224628,5.777439,4.5957375,8.29586,17.537209
p99,Slower Growth,FY2029,Weekend,90432,6.2147794,5.1554117,8.867722,16.988647
p99,Slower Growth,FY2030,Weekday,224628,7.787243,6.3208847,11.114067,22.398094
p99,Slower Growth,FY2030,Weekend,90432,8.401562,7.07411,11.865195,21.704504
p99,Step Change,FY2026,Weekday,224628,2.3878427,1.6756516,3.5703373,8.784764
p99,Step Change,FY2026,Weekend,90432,2.5619159,1.8656569,3.83084,8.558549
p99,Step Change,FY2027,Weekday,224628,5.436917,4.308838,7.8344383,16.608603
p99,Step Change,FY2027,Weekend,90432,5.848943,4.839451,8.361023,16.241331
p99,Step Change,FY2028,Weekday,224628,8.79261,7.199852,12.488658,24.853724
p99,Step Change,FY2028,Weekend,90432,9.499704,8.054455,13.356674,24.0997
p99,Step Change,FY2029,Weekday,224628,13.136627,10.942715,18.52334,35.713364
p99,Step Change,FY2029,Weekend,90432,14.293888,12.325722,19.903986,34.52756
p99,Step Change,FY2030,Weekday,224628,18.754341,15.713177,26.6764,49.33283
p99,Step Change,FY2030,Weekend,90432,20.568838,17.719353,28.342419,48.590782
p99.5,Accelerated Transition,FY2026,Weekday,224628,3.453675,2.5557327,5.0199294,11.610814
p99.5,Accelerated Transition,FY2026,Weekend,90432,3.6484053,2.8354912,5.309318,11.041584
p99.5,Accelerated Transition,FY2027,Weekday,224628,8.258297,6.6679153,11.551853,23.725563
p99.5,Accelerated Transition,FY2027,Weekend,90432,8.823301,7.391136,12.308426,22.497606
p99.5,Accelerated Transition,FY2028,Weekday,224628,15.121702,12.444527,21.042532,40.802086
p99.5,Accelerated Transition,FY2028,Weekend,90432,16.255579,13.877899,22.297546,38.899254
p99.5,Accelerated Transition,FY2029,Weekday,224628,24.082546,20.157494,34.03074,62.172714
p99.5,Accelerated Transition,FY2029,Weekend,90432,26.045708,22.466324,35.58071,61.220997
p99.5,Accelerated Transition,FY2030,Weekday,224628,37.280167,32.21706,53.578907,91.96098
p99.5,Accelerated Transition,FY2030,Weekend,90432,40.545425,34.932922,55.415466,93.65075
p99.5,Slower Growth,FY2026,Weekday,224628,1.39147,0.77549744,2.1172981,6.0470285
p99.5,Slower Growth,FY2026,Weekend,90432,1.4616933,0.8738041,2.2483444,5.8421407
p99.5,Slower Growth,FY2027,Weekday,224628,2.7691634,1.9719505,4.0741787,9.846118
p99.5,Slower Growth,FY2027,Weekend,90432,2.9210944,2.196537,4.302966,9.369741
p99.5,Slower Growth,FY2028,Weekday,224628,4.144631,3.134325,5.9819336,13.402842
p99.5,Slower Growth,FY2028,Weekend,90432,4.3814435,3.4828987,6.326844,12.812333
p99.5,Slower Growth,FY2029,Weekday,224628,5.8589973,4.589617,8.315143,17.700922
p99.5,Slower Growth,FY2029,Weekend,90432,6.2418475,5.1292334,8.8204,16.919333
p99.5,Slower Growth,FY2030,Weekday,224628,7.9163647,6.382412,11.104919,22.87329
p99.5,Slower Growth,FY2030,Weekend,90432,8.4488945,7.0657616,11.811106,21.650175
p99.5,Step Change,FY2026,Weekday,224628,2.4249132,1.6771698,3.5893745,8.969278
p99.5,Step Change,FY2026,Weekend,90432,2.554296,1.8681183,3.8006115,8.579107
p99.5,Step Change,FY2027,Weekday,224628,5.512732,4.308182,7.8529396,16.845297
p99.5,Step Change,FY2027,Weekend,90432,5.868748,4.800894,8.334734,16.149399
p99.5,Step Change,FY2028,Weekday,224628,8.947304,7.2541733,12.468292,25.444832
p99.5,Step Change,FY2028,Weekend,90432,9.556908,8.063354,13.289661,24.061281
p99.5,Step Change,FY2029,Weekday,224628,13.418642,10.987583,18.662308,36.644005
p99.5,Step Change,FY2029,Weekend,90432,14.386557,12.255577,19.815067,34.524376
p99.5,Step Change,FY2030,Weekday,224628,19.244587,15.898674,26.972311,50.994156
p99.5,Step Change,FY2030,Weekend,90432,20.787254,17.75275,28.435644,49.276352
p99.9,Accelerated Transition,FY2026,Weekday,224628,3.5436344,2.5651722,5.055973,11.794144
p99.9,Accelerated Transition,FY2026,Weekend,90432,3.6338239,2.8455124,5.317212,10.998046
p99.9,Accelerated Transition,FY2027,Weekday,224628,8.484238,6.689659,11.617477,24.206444
p99.9,Accelerated Transition,FY2027,Weekend,90432,8.777664,7.373558,12.284567,22.438213
p99.9,Accelerated Transition,FY2028,Weekday,224628,15.483051,12.484066,21.048784,42.381172
p99.9,Accelerated Transition,FY2028,Weekend,90432,16.266457,13.860177,22.310688,39.169018
p99.9,Accelerated Transition,FY2029,Weekday,224628,24.663462,20.177132,33.81501,65.10771
p99.9,Accelerated Transition,FY2029,Weekend,90432,26.143103,22.37034,35.45009,61.83351
p99.9,Accelerated Transition,FY2030,Weekday,224628,38.209858,32.209854,53.237232,97.35804
p99.9,Accelerated Transition,FY2030,Weekend,90432,40.80859,34.843113,55.32302,95.01079
p99.9,Slower Growth,FY2026,Weekday,224628,1.4238585,0.7792473,2.122199,5.924616
p99.9,Slower Growth,FY2026,Weekend,90432,1.45111,0.86961937,2.229107,5.720004
p99.9,Slower Growth,FY2027,Weekday,224628,2.8394246,1.9745598,4.090639,9.903643
p99.9,Slower Growth,FY2027,Weekend,90432,2.907918,2.1991138,4.305073,9.250779
p99.9,Slower Growth,FY2028,Weekday,224628,4.251327,3.1459236,6.013012,13.68573
p99.9,Slower Growth,FY2028,Weekend,90432,4.361828,3.4757538,6.301964,12.713568
p99.9,Slower Growth,FY2029,Weekday,224628,6.009528,4.6292496,8.324026,18.051676
p99.9,Slower Growth,FY2029,Weekend,90432,6.207465,5.124668,8.790996,16.87254
p99.9,Slower Growth,FY2030,Weekday,224628,8.131713,6.405532,11.15958,23.31368
p99.9,Slower Growth,FY2030,Weekend,90432,8.405257,7.0721645,11.789673,21.639015
p99.9,Step Change,FY2026,Weekday,224628,2.4844851,1.6800499,3.604455,8.949661
p99.9,Step Change,FY2026,Weekend,90432,2.5418012,1.8722229,3.7986832,8.411722
p99.9,Step Change,FY2027,Weekday,224628,5.6514354,4.3296776,7.8535805,17.180424
p99.9,Step Change,FY2027,Weekend,90432,5.833918,4.7990303,8.298574,16.100054
p99.9,Step Change,FY2028,Weekday,224628,9.191842,7.273987,12.556592,25.95287
p99.9,Step Change,FY2028,Weekend,90432,9.509609,8.016734,13.224658,24.007458
p99.9,Step Change,FY2029,Weekday,224628,13.745697,11.051388,18.70138,37.864594
p99.9,Step Change,FY2029,Weekend,90432,14.388663,12.255104,19.856535,34.99977
p99.9,Step Change,FY2030,Weekday,224628,19.703705,15.946566,26.81354,53.121822
p99.9,Step Change,FY2030,Weekend,90432,20.827627,17.798195,28.250193,49.584435
