Cap_Model,Scenario,FY,DemandStressFlag,Observations,Mean_Impact,Median_Impact,P75_Impact,P95_Impact
$1000/MWh,Accelerated Transition,FY2026,False,228117,3.3692002,2.6208878,4.7551346,9.455907
$1000/MWh,Accelerated Transition,FY2026,True,86943,4.162721,2.8619537,6.8391876,17.377432
$1000/MWh,Accelerated Transition,FY2027,False,215621,8.107364,6.7402153,10.802061,19.351711
$1000/MWh,Accelerated Transition,FY2027,True,99439,9.68226,7.467865,14.997414,33.29457
$1000/MWh,Accelerated Transition,FY2028,False,196066,14.843156,12.522896,19.566525,32.724487
$1000/MWh,Accelerated Transition,FY2028,True,118994,17.30954,13.812622,26.013538,53.455208
$1000/MWh,Accelerated Transition,FY2029,False,166977,23.572683,20.266258,31.02166,49.537086
$1000/MWh,Accelerated Transition,FY2029,True,148083,26.957657,22.054092,40.043095,77.02461
$1000/MWh,Accelerated Transition,FY2030,False,123281,36.66623,31.748772,47.704727,73.19591
$1000/MWh,Accelerated Transition,FY2030,True,191779,40.552097,34.386894,60.227123,106.67063
$1000/MWh,Slower Growth,FY2026,False,233077,1.3479086,0.815506,2.0311737,4.980002
$1000/MWh,Slower Growth,FY2026,True,81983,1.7240571,0.72893524,2.82592,8.902272
$1000/MWh,Slower Growth,FY2027,False,229775,2.6968777,2.0292282,3.8744783,8.019237
$1000/MWh,Slower Growth,FY2027,True,85285,3.3654284,2.1704407,5.55954,14.693128
$1000/MWh,Slower Growth,FY2028,False,226384,4.04644,3.2064676,5.624186,10.93293
$1000/MWh,Slower Growth,FY2028,True,88676,4.9628196,3.5437508,8.064861,19.807365
$1000/MWh,Slower Growth,FY2029,False,222073,5.7443686,4.6988754,7.756462,14.533137
$1000/MWh,Slower Growth,FY2029,True,92987,6.936512,5.202507,11.034271,25.440353
$1000/MWh,Slower Growth,FY2030,False,216613,7.7704606,6.442993,10.365871,18.686636
$1000/MWh,Slower Growth,FY2030,True,98447,9.286997,7.1317444,14.452621,32.22159
$1000/MWh,Step Change,FY2026,False,230647,2.3576472,1.7387085,3.4189186,7.303117
$1000/MWh,Step Change,FY2026,True,84413,2.9674542,1.8226013,4.8840027,13.318512
$1000/MWh,Step Change,FY2027,False,222973,5.405268,4.3986435,7.3470764,13.8354645
$1000/MWh,Step Change,FY2027,True,92087,6.5365944,4.8886642,10.448128,24.300455
$1000/MWh,Step Change,FY2028,False,213677,8.785968,7.336998,11.691851,20.771982
$1000/MWh,Step Change,FY2028,True,101383,10.454202,8.088287,16.102623,35.528934
$1000/MWh,Step Change,FY2029,False,201062,13.186663,11.076065,17.449055,29.49845
$1000/MWh,Step Change,FY2029,True,113998,15.4101095,12.188328,23.285034,48.667435
$1000/MWh,Step Change,FY2030,False,183230,18.828121,16.030947,24.757109,40.769085
$1000/MWh,Step Change,FY2030,True,131830,21.869522,17.653076,32.476883,64.65409
p99,Accelerated Transition,FY2026,False,228117,3.4190228,2.640068,4.795555,9.867788
p99,Accelerated Transition,FY2026,True,86943,3.626401,2.5809326,6.365982,15.568515
p99,Accelerated Transition,FY2027,False,215621,8.159188,6.726837,10.976757,19.84799
p99,Accelerated Transition,FY2027,True,99439,8.633106,7.219475,14.30563,28.951962
p99,Accelerated Transition,FY2028,False,196066,14.903561,12.561024,19.860788,33.367138
p99,Accelerated Transition,FY2028,True,118994,15.610744,13.305458,24.70164,47.078995
p99,Accelerated Transition,FY2029,False,166977,23.733767,20.283028,31.626385,50.280178
p99,Accelerated Transition,FY2029,True,148083,24.431244,20.800568,37.937332,68.59618
p99,Accelerated Transition,FY2030,False,123281,36.999306,32.475456,48.82164,74.49213
p99,Accelerated Transition,FY2030,True,191779,37.046093,32.23413,56.587845,96.64287
p99,Slower Growth,FY2026,False,233077,1.3751494,0.85905457,2.0372276,5.177353
p99,Slower Growth,FY2026,True,81983,1.4423995,0.59713745,2.616806,8.269359
p99,Slower Growth,FY2027,False,229775,2.739736,2.0524445,3.8892727,8.319689
p99,Slower Growth,FY2027,True,85285,2.9075153,1.9336243,5.1753845,13.248535
p99,Slower Growth,FY2028,False,226384,4.104647,3.2321854,5.6655846,11.298641
p99,Slower Growth,FY2028,True,88676,4.338258,3.2340698,7.540161,17.566498
p99,Slower Growth,FY2029,False,222073,5.8036203,4.7175446,7.8834515,14.976177
p99,Slower Growth,FY2029,True,92987,6.140236,4.912018,10.469429,22.44196
p99,Slower Growth,FY2030,False,216613,7.822127,6.4398804,10.534767,19.166164
p99,Slower Growth,FY2030,True,98447,8.274791,6.8907547,13.782455,27.961863
p99,Step Change,FY2026,False,230647,2.3986049,1.7543869,3.4222412,7.530334
p99,Step Change,FY2026,True,84413,2.5449212,1.6003723,4.5558014,12.128946
p99,Step Change,FY2027,False,222973,5.465159,4.4265594,7.4555664,14.215551
p99,Step Change,FY2027,True,92087,5.7731547,4.577835,9.854393,21.440222
p99,Step Change,FY2028,False,213677,8.835101,7.3229523,11.837814,21.208359
p99,Step Change,FY2028,True,101383,9.333773,7.873062,15.358551,30.769957
p99,Step Change,FY2029,False,201062,13.236149,11.138191,17.67206,30.098026
p99,Step Change,FY2029,True,113998,13.8791275,11.857479,22.08273,42.682972
p99,Step Change,FY2030,False,183230,18.92245,16.026466,25.200365,41.28573
p99,Step Change,FY2030,True,131830,19.765385,16.805756,30.884521,57.28113
p99.5,Accelerated Transition,FY2026,False,228117,3.3700464,2.6130219,4.738037,9.670313
p99.5,Accelerated Transition,FY2026,True,86943,3.875641,2.733078,6.561493,16.246414
p99.5,Accelerated Transition,FY2027,False,215621,8.099856,6.7465973,10.908615,19.516068
p99.5,Accelerated Transition,FY2027,True,99439,9.115682,7.3420258,14.498184,30.653233
p99.5,Accelerated Transition,FY2028,False,196066,14.804817,12.547842,19.735518,32.891106
p99.5,Accelerated Transition,FY2028,True,118994,16.505547,13.614216,25.407536,49.64879
p99.5,Accelerated Transition,FY2029,False,166977,23.534105,20.258636,31.379808,49.729378
p99.5,Accelerated Transition,FY2029,True,148083,25.899836,21.784912,39.475925,72.37055
p99.5,Accelerated Transition,FY2030,False,123281,36.62591,32.21067,48.2437,73.4713
p99.5,Accelerated Transition,FY2030,True,191779,39.240448,33.862976,59.173965,101.92813
p99.5,Slower Growth,FY2026,False,233077,1.3526521,0.82115936,2.0239487,5.1200933
p99.5,Slower Growth,FY2026,True,81983,1.5792894,0.70970917,2.6711502,8.643702
p99.5,Slower Growth,FY2027,False,229775,2.6977239,2.0301056,3.8572798,8.301114
p99.5,Slower Growth,FY2027,True,85285,3.1227355,2.0676193,5.303055,13.87089
p99.5,Slower Growth,FY2028,False,226384,4.051078,3.193306,5.62185,11.171581
p99.5,Slower Growth,FY2028,True,88676,4.624968,3.411953,7.763893,18.30883
p99.5,Slower Growth,FY2029,False,222073,5.748029,4.673752,7.841728,14.793045
p99.5,Slower Growth,FY2029,True,92987,6.496344,5.042984,10.630867,23.690128
p99.5,Slower Growth,FY2030,False,216613,7.764994,6.459732,10.455734,18.848053
p99.5,Slower Growth,FY2030,True,98447,8.738601,7.033264,13.942329,29.665817
p99.5,Step Change,FY2026,False,230647,2.3584383,1.7335091,3.4012947,7.5255814
p99.5,Step Change,FY2026,True,84413,2.7451549,1.7267609,4.6744537,12.696676
p99.5,Step Change,FY2027,False,222973,5.4082828,4.377899,7.419647,14.074294
p99.5,Step Change,FY2027,True,92087,6.1152563,4.7279663,10.071098,22.538752
p99.5,Step Change,FY2028,False,213677,8.772193,7.342453,11.780159,20.951588
p99.5,Step Change,FY2028,True,101383,9.860128,7.954506,15.571663,32.61048
p99.5,Step Change,FY2029,False,201062,13.144036,11.101128,17.563051,29.625633
p99.5,Step Change,FY2029,True,113998,14.670796,11.996628,22.697187,45.024117
p99.5,Step Change,FY2030,False,183230,18.793337,15.997047,25.129084,40.771275
p99.5,Step Change,FY2030,True,131830,20.930006,17.40897,31.853792,60.681675
p99.9,Accelerated Transition,FY2026,False,228117,3.3441384,2.6060486,4.713196,9.410329
p99.9,Accelerated Transition,FY2026,True,86943,4.1608715,2.8453598,6.8327713,17.558214
p99.9,Accelerated Transition,FY2027,False,215621,8.047128,6.7302017,10.836323,19.20485
p99.9,Accelerated Transition,FY2027,True,99439,9.698904,7.49263,14.896492,33.576553
p99.9,Accelerated Transition,FY2028,False,196066,14.742694,12.569635,19.606537,32.525322
p99.9,Accelerated Transition,FY2028,True,118994,17.298298,13.755178,25.828903,53.987255
p99.9,Accelerated Transition,FY2029,False,166977,23.474577,20.2432,30.954681,49.37806
p99.9,Accelerated Transition,FY2029,True,148083,26.907627,21.860817,39.623848,77.76895
p99.9,Accelerated Transition,FY2030,False,123281,36.540432,31.910229,47.513687,73.32501
p99.9,Accelerated Transition,FY2030,True,191779,40.508427,34.05744,59.568634,108.55709
p99.9,Slower Growth,FY2026,False,233077,1.3358282,0.82159424,1.9979172,4.9182816
p99.9,Slower Growth,FY2026,True,81983,1.7041881,0.7262268,2.823597,9.165332
p99.9,Slower Growth,FY2027,False,229775,2.6752293,2.0174885,3.8135755,8.017167
p99.9,Slower Growth,FY2027,True,85285,3.3544264,2.1477203,5.5606537,14.984497
p99.9,Slower Growth,FY2028,False,226384,4.0159707,3.1780138,5.5926437,10.934662
p99.9,Slower Growth,FY2028,True,88676,4.964864,3.5313034,8.069305,19.929808
p99.9,Slower Growth,FY2029,False,222073,5.6977262,4.6707764,7.757337,14.487661
p99.9,Slower Growth,FY2029,True,92987,6.946676,5.2168884,10.969532,25.624065
p99.9,Slower Growth,FY2030,False,216613,7.712953,6.4375763,10.406044,18.577213
p99.9,Slower Growth,FY2030,True,98447,9.304384,7.190048,14.341541,32.523758
p99.9,Step Change,FY2026,False,230647,2.337869,1.7164307,3.3720074,7.2582617
p99.9,Step Change,FY2026,True,84413,2.9464967,1.8110275,4.903206,13.6599
p99.9,Step Change,FY2027,False,222973,5.3587456,4.367161,7.3268414,13.779509
p99.9,Step Change,FY2027,True,92087,6.5393353,4.886215,10.393906,24.58012
p99.9,Step Change,FY2028,False,213677,8.71796,7.3181305,11.722099,20.530018
p99.9,Step Change,FY2028,True,101383,10.474049,8.145248,15.973251,35.801453
p99.9,Step Change,FY2029,False,201062,13.089859,11.144318,17.4748,29.193645
p99.9,Step Change,FY2029,True,113998,15.412472,12.132702,23.211945,49.107967
p99.9,Step Change,FY2030,False,183230,18.731516,16.010948,24.835835,40.475807
p99.9,Step Change,FY2030,True,131830,21.825932,17.511652,32.307205,65.4254
