Cap_Model,Scenario,FY,LowRenewableFlag,Observations,Mean_Impact,Median_Impact,P75_Impact,P95_Impact
$1000/MWh,Accelerated Transition,FY2026,False,236295,3.6515524,2.8036728,5.3677235,11.376569
$1000/MWh,Accelerated Transition,FY2026,True,78765,3.3980548,2.2812347,4.519287,12.261688
$1000/MWh,Accelerated Transition,FY2027,False,236295,8.74598,7.2383804,12.196177,23.26591
$1000/MWh,Accelerated Transition,FY2027,True,78765,8.179784,6.0182495,10.370895,25.091925
$1000/MWh,Accelerated Transition,FY2028,False,236295,15.986593,13.367552,22.020294,40.471695
$1000/MWh,Accelerated Transition,FY2028,True,78765,15.138926,11.507301,19.415344,43.51714
$1000/MWh,Accelerated Transition,FY2029,False,236295,25.330671,21.450325,35.21697,62.623474
$1000/MWh,Accelerated Transition,FY2029,True,78765,24.662678,19.51088,31.948807,65.7561
$1000/MWh,Accelerated Transition,FY2030,False,236295,38.91206,33.42504,54.954575,94.29095
$1000/MWh,Accelerated Transition,FY2030,True,78765,39.390152,31.936188,52.81595,98.31042
$1000/MWh,Slower Growth,FY2026,False,236295,1.4705857,0.85819244,2.294014,5.8875446
$1000/MWh,Slower Growth,FY2026,True,78765,1.3713937,0.6618576,1.8932495,5.857611
$1000/MWh,Slower Growth,FY2027,False,236295,2.9223552,2.1678925,4.3707504,9.596959
$1000/MWh,Slower Growth,FY2027,True,78765,2.7443366,1.7470093,3.6706848,10.199316
$1000/MWh,Slower Growth,FY2028,False,236295,4.3797903,3.4249191,6.383812,13.2014065
$1000/MWh,Slower Growth,FY2028,True,78765,4.0780764,2.8365555,5.33226,14.394354
$1000/MWh,Slower Growth,FY2029,False,236295,6.2049303,5.035576,8.758408,17.408543
$1000/MWh,Slower Growth,FY2029,True,78765,5.7700825,4.180031,7.387718,19.102203
$1000/MWh,Slower Growth,FY2030,False,236295,8.386633,6.9289856,11.727158,22.41466
$1000/MWh,Slower Growth,FY2030,True,78765,7.817435,5.7584686,9.916168,24.178211
$1000/MWh,Step Change,FY2026,False,236295,2.557537,1.8475723,3.842865,8.691305
$1000/MWh,Step Change,FY2026,True,78765,2.4115114,1.4874573,3.229599,9.132746
$1000/MWh,Step Change,FY2027,False,236295,5.837217,4.715126,8.296577,16.590298
$1000/MWh,Step Change,FY2027,True,78765,5.4320984,3.9183578,6.9887314,18.231014
$1000/MWh,Step Change,FY2028,False,236295,9.471159,7.870102,13.158453,24.949682
$1000/MWh,Step Change,FY2028,True,78765,8.877675,6.5559845,11.261627,26.849468
$1000/MWh,Step Change,FY2029,False,236295,14.192748,11.839401,19.588348,36.12629
$1000/MWh,Step Change,FY2029,True,78765,13.38644,10.116516,17.186646,38.87232
$1000/MWh,Step Change,FY2030,False,236295,20.316751,17.049866,27.982304,50.87828
$1000/MWh,Step Change,FY2030,True,78765,19.452656,15.021759,25.030624,53.923008
p99,Accelerated Transition,FY2026,False,236295,3.5660973,2.7704506,5.3005066,11.401775
p99,Accelerated Transition,FY2026,True,78765,3.2067103,2.2453537,4.505295,11.405497
p99,Accelerated Transition,FY2027,False,236295,8.525148,7.1262417,12.21117,23.01231
p99,Accelerated Transition,FY2027,True,78765,7.6596174,6.0303955,10.4808655,22.878387
p99,Accelerated Transition,FY2028,False,236295,15.509479,13.17514,21.989824,39.419395
p99,Accelerated Transition,FY2028,True,78765,14.1541815,11.74231,19.366821,39.19096
p99,Accelerated Transition,FY2029,False,236295,24.399302,20.911552,34.808563,60.693226
p99,Accelerated Transition,FY2029,True,78765,23.048458,19.42556,31.751266,58.96716
p99,Accelerated Transition,FY2030,False,236295,37.082027,32.455242,53.483555,89.84511
p99,Accelerated Transition,FY2030,True,78765,36.86507,32.098236,51.678192,87.64592
p99,Slower Growth,FY2026,False,236295,1.4295326,0.866333,2.233183,5.949154
p99,Slower Growth,FY2026,True,78765,1.2819973,0.6593704,1.851738,5.740921
p99,Slower Growth,FY2027,False,236295,2.8566701,2.1442566,4.320286,9.653848
p99,Slower Growth,FY2027,True,78765,2.5706012,1.7246857,3.6051636,9.596652
p99,Slower Growth,FY2028,False,236295,4.27986,3.3919601,6.277664,13.143596
p99,Slower Growth,FY2028,True,78765,3.8420143,2.7865295,5.3686066,13.014667
p99,Slower Growth,FY2029,False,236295,6.063447,4.983322,8.769302,17.382643
p99,Slower Growth,FY2029,True,78765,5.4215364,4.1269836,7.4767914,17.199575
p99,Slower Growth,FY2030,False,236295,8.17558,6.8217316,11.735237,22.207148
p99,Slower Growth,FY2030,True,78765,7.3275456,5.748993,10.042686,22.10238
p99,Step Change,FY2026,False,236295,2.5003052,1.8253021,3.8016205,8.714767
p99,Step Change,FY2026,True,78765,2.2503119,1.473587,3.1788635,8.679212
p99,Step Change,FY2027,False,236295,5.7032347,4.6741943,8.279816,16.519001
p99,Step Change,FY2027,True,78765,5.1110196,3.867363,7.060684,16.385284
p99,Step Change,FY2028,False,236295,9.223025,7.7618027,13.176172,24.65091
p99,Step Change,FY2028,True,78765,8.313198,6.5668488,11.352432,24.500927
p99,Step Change,FY2029,False,236295,13.7854185,11.7224655,19.532722,35.399384
p99,Step Change,FY2029,True,78765,12.518932,10.290619,17.115036,35.190792
p99,Step Change,FY2030,False,236295,19.642826,16.717197,27.878126,49.376266
p99,Step Change,FY2030,True,78765,18.172152,15.207085,24.922943,48.234375
p99.5,Accelerated Transition,FY2026,False,236295,3.5878782,2.7743607,5.307324,11.323106
p99.5,Accelerated Transition,FY2026,True,78765,3.2746406,2.265442,4.4562836,11.84585
p99.5,Accelerated Transition,FY2027,False,236295,8.598031,7.199051,12.163696,23.163893
p99.5,Accelerated Transition,FY2027,True,78765,7.887789,6.068283,10.444199,24.028065
p99.5,Accelerated Transition,FY2028,False,236295,15.698771,13.304062,22.031769,39.868523
p99.5,Accelerated Transition,FY2028,True,78765,14.692326,11.74736,19.499832,41.58764
p99.5,Accelerated Transition,FY2029,False,236295,24.846123,21.279446,35.190956,61.484695
p99.5,Accelerated Transition,FY2029,True,78765,24.04577,19.676365,32.260178,62.772846
p99.5,Accelerated Transition,FY2030,False,236295,38.068,33.312134,54.371803,92.234215
p99.5,Accelerated Transition,FY2030,True,78765,38.66559,32.292885,53.264908,93.062645
p99.5,Slower Growth,FY2026,False,236295,1.4438725,0.8557434,2.2543297,6.0056653
p99.5,Slower Growth,FY2026,True,78765,1.3148879,0.65356445,1.8602905,5.8649964
p99.5,Slower Growth,FY2027,False,236295,2.8750677,2.1508179,4.3065796,9.615835
p99.5,Slower Growth,FY2027,True,78765,2.6258855,1.7203674,3.6063843,9.955765
p99.5,Slower Growth,FY2028,False,236295,4.3060937,3.3932037,6.314151,13.102452
p99.5,Slower Growth,FY2028,True,78765,3.932132,2.8018494,5.3237,13.686728
p99.5,Slower Growth,FY2029,False,236295,6.103104,4.976246,8.767996,17.305943
p99.5,Slower Growth,FY2029,True,78765,5.566237,4.134163,7.415695,17.95518
p99.5,Slower Growth,FY2030,False,236295,8.24459,6.8853226,11.685177,22.318068
p99.5,Slower Growth,FY2030,True,78765,7.5431004,5.7864456,9.994415,23.135473
p99.5,Step Change,FY2026,False,236295,2.516474,1.83284,3.8010674,8.789379
p99.5,Step Change,FY2026,True,78765,2.2987783,1.463562,3.1730194,9.040027
p99.5,Step Change,FY2027,False,236295,5.738588,4.6618958,8.2872925,16.506548
p99.5,Step Change,FY2027,True,78765,5.243914,3.874878,6.998657,17.064793
p99.5,Step Change,FY2028,False,236295,9.306122,7.830063,13.116947,24.813345
p99.5,Step Change,FY2028,True,78765,8.570751,6.6158257,11.353073,25.78803
p99.5,Step Change,FY2029,False,236295,13.937462,11.761097,19.53979,35.635704
p99.5,Step Change,FY2029,True,78765,12.973469,10.251495,17.227325,37.10307
p99.5,Step Change,FY2030,False,236295,19.943155,16.890411,28.04061,50.06113
p99.5,Step Change,FY2030,True,78765,18.920048,15.25061,25.157547,51.699993
p99.9,Accelerated Transition,FY2026,False,236295,3.6451917,2.805626,5.328745,11.4303875
p99.9,Accelerated Transition,FY2026,True,78765,3.3425117,2.2120552,4.461525,12.136194
p99.9,Accelerated Transition,FY2027,False,236295,8.727843,7.226158,12.249888,23.25856
p99.9,Accelerated Transition,FY2027,True,78765,8.09031,5.975464,10.368465,25.116241
p99.9,Accelerated Transition,FY2028,False,236295,15.920288,13.403889,22.044632,40.654316
p99.9,Accelerated Transition,FY2028,True,78765,15.070784,11.402756,19.378494,43.885258
p99.9,Accelerated Transition,FY2029,False,236295,25.214567,21.417862,34.98252,63.196186
p99.9,Accelerated Transition,FY2029,True,78765,24.708954,19.278122,31.979858,67.34018
p99.9,Accelerated Transition,FY2030,False,236295,38.741512,33.36302,54.242443,95.0598
p99.9,Accelerated Transition,FY2030,True,78765,39.59856,32.091278,52.473404,101.15397
p99.9,Slower Growth,FY2026,False,236295,1.4652569,0.86405945,2.2625742,5.841713
p99.9,Slower Growth,FY2026,True,78765,1.3309517,0.6446533,1.8252411,5.875684
p99.9,Slower Growth,FY2027,False,236295,2.9157922,2.1717682,4.3183556,9.609143
p99.9,Slower Growth,FY2027,True,78765,2.6889606,1.6849442,3.6202393,10.083899
p99.9,Slower Growth,FY2028,False,236295,4.370102,3.420555,6.316799,13.153797
p99.9,Slower Growth,FY2028,True,78765,4.0218706,2.740303,5.3467865,14.1281185
p99.9,Slower Growth,FY2029,False,236295,6.1911793,5.030487,8.77158,17.403381
p99.9,Slower Growth,FY2029,True,78765,5.6918297,4.0737762,7.4028015,18.757954
p99.9,Slower Growth,FY2030,False,236295,8.370222,6.9246674,11.7690735,22.381609
p99.9,Slower Growth,FY2030,True,78765,7.73025,5.696167,9.926514,24.1805
p99.9,Step Change,FY2026,False,236295,2.551572,1.8502121,3.8067417,8.735255
p99.9,Step Change,FY2026,True,78765,2.34903,1.420105,3.1783218,8.958545
p99.9,Step Change,FY2027,False,236295,5.8212733,4.711487,8.291185,16.56638
p99.9,Step Change,FY2027,True,78765,5.3514338,3.8151932,7.0053253,17.837454
p99.9,Step Change,FY2028,False,236295,9.447781,7.847679,13.208244,24.956987
p99.9,Step Change,FY2028,True,78765,8.788866,6.523178,11.223999,27.00321
p99.9,Step Change,FY2029,False,236295,14.134564,11.87487,19.601643,36.294395
p99.9,Step Change,FY2029,True,78765,13.3173,10.049973,17.087616,39.35973
p99.9,Step Change,FY2030,False,236295,20.227583,17.030752,27.90503,51.15603
p99.9,Step Change,FY2030,True,78765,19.42248,14.925659,25.0383,54.963276
