Cap_Model,Scenario,FY,PeakPeriod,Observations,Mean_Impact,Median_Impact,P75_Impact,P95_Impact
$1000/MWh,Accelerated Transition,FY2026,Off-peak,105012,3.045671,2.2867737,4.14616,9.12541
$1000/MWh,Accelerated Transition,FY2026,Peak,39384,3.729471,2.2482338,5.5505676,17.1255
$1000/MWh,Accelerated Transition,FY2026,Shoulder,170664,3.8893843,3.0640507,5.7638035,11.934524
$1000/MWh,Accelerated Transition,FY2027,Off-peak,105012,7.276348,5.8280926,9.447462,18.84452
$1000/MWh,Accelerated Transition,FY2027,Peak,39384,8.84944,6.304283,12.562613,33.896217
$1000/MWh,Accelerated Transition,FY2027,Shoulder,170664,9.365079,7.8647957,13.120756,24.47447
$1000/MWh,Accelerated Transition,FY2028,Off-peak,105012,13.379158,10.78653,17.263107,32.999622
$1000/MWh,Accelerated Transition,FY2028,Peak,39384,16.312016,12.175331,22.76519,56.39876
$1000/MWh,Accelerated Transition,FY2028,Shoulder,170664,17.124672,14.688704,23.711735,42.820724
$1000/MWh,Accelerated Transition,FY2029,Off-peak,105012,21.65552,17.571991,27.885963,51.62856
$1000/MWh,Accelerated Transition,FY2029,Peak,39384,26.196486,20.607883,36.2816,82.89466
$1000/MWh,Accelerated Transition,FY2029,Shoulder,170664,27.083948,23.734459,37.73247,66.52709
$1000/MWh,Accelerated Transition,FY2030,Off-peak,105012,34.560173,28.090565,45.601383,79.706154
$1000/MWh,Accelerated Transition,FY2030,Peak,39384,41.305145,33.880894,57.559788,117.89461
$1000/MWh,Accelerated Transition,FY2030,Shoulder,170664,41.258236,36.864433,58.722446,100.18734
$1000/MWh,Slower Growth,FY2026,Off-peak,105012,1.2190045,0.7257576,1.8100815,4.5796356
$1000/MWh,Slower Growth,FY2026,Peak,39384,1.5604924,0.4516983,2.2168903,8.105925
$1000/MWh,Slower Growth,FY2026,Shoulder,170664,1.5588603,0.93411636,2.4723415,6.209208
$1000/MWh,Slower Growth,FY2027,Off-peak,105012,2.4384997,1.7761612,3.3772821,7.6877494
$1000/MWh,Slower Growth,FY2027,Peak,39384,2.9939883,1.6421585,4.4446907,14.249824
$1000/MWh,Slower Growth,FY2027,Shoulder,170664,3.1213887,2.3708954,4.7020397,10.048166
$1000/MWh,Slower Growth,FY2028,Off-peak,105012,3.6540444,2.8095055,4.888584,10.472006
$1000/MWh,Slower Growth,FY2028,Peak,39384,4.4374123,2.8274689,6.576973,19.722864
$1000/MWh,Slower Growth,FY2028,Shoulder,170664,4.6738076,3.7503204,6.8312864,13.866248
$1000/MWh,Slower Growth,FY2029,Off-peak,105012,5.1672444,4.086769,6.7678127,13.887082
$1000/MWh,Slower Growth,FY2029,Peak,39384,6.28321,4.2602463,9.124386,25.505108
$1000/MWh,Slower Growth,FY2029,Shoulder,170664,6.6246777,5.4667206,9.377277,18.28488
$1000/MWh,Slower Growth,FY2030,Off-peak,105012,6.9719152,5.5828094,9.057829,18.237858
$1000/MWh,Slower Growth,FY2030,Peak,39384,8.472259,5.971737,12.063715,32.67712
$1000/MWh,Slower Growth,FY2030,Shoulder,170664,8.974672,7.5257874,12.59067,23.553432
$1000/MWh,Step Change,FY2026,Off-peak,105012,2.1320994,1.5268478,2.9644527,6.995631
$1000/MWh,Step Change,FY2026,Peak,39384,2.6412845,1.348938,3.8997307,12.601425
$1000/MWh,Step Change,FY2026,Shoulder,170664,2.7325947,2.0172958,4.143299,9.093608
$1000/MWh,Step Change,FY2027,Off-peak,105012,4.8629994,3.8276634,6.4171906,13.221204
$1000/MWh,Step Change,FY2027,Peak,39384,5.91099,4.0005493,8.632008,24.425148
$1000/MWh,Step Change,FY2027,Shoulder,170664,6.232671,5.1284904,8.866513,17.377228
$1000/MWh,Step Change,FY2028,Off-peak,105012,7.886203,6.314205,10.224995,20.304192
$1000/MWh,Step Change,FY2028,Peak,39384,9.572958,6.8766327,13.512756,36.34883
$1000/MWh,Step Change,FY2028,Shoulder,170664,10.149008,8.557102,14.166972,26.265821
$1000/MWh,Step Change,FY2029,Off-peak,105012,11.843376,9.553345,15.31337,29.547794
$1000/MWh,Step Change,FY2029,Peak,39384,14.426062,10.713337,20.298557,50.80671
$1000/MWh,Step Change,FY2029,Shoulder,170664,15.21238,13.000375,21.0574,38.44352
$1000/MWh,Step Change,FY2030,Off-peak,105012,17.1514,13.840202,22.08559,41.953476
$1000/MWh,Step Change,FY2030,Peak,39384,20.81612,15.812416,28.929056,68.93653
$1000/MWh,Step Change,FY2030,Shoulder,170664,21.750404,18.764423,30.108084,53.87838
p99,Accelerated Transition,FY2026,Off-peak,105012,3.0456598,2.2304764,4.133089,9.471812
p99,Accelerated Transition,FY2026,Peak,39384,3.250354,2.1895523,5.262745,14.025499
p99,Accelerated Transition,FY2026,Shoulder,170664,3.793329,3.0491295,5.6605463,11.862755
p99,Accelerated Transition,FY2027,Off-peak,105012,7.2767115,5.753376,9.593584,19.41506
p99,Accelerated Transition,FY2027,Peak,39384,7.7102385,6.2339478,12.308163,26.165636
p99,Accelerated Transition,FY2027,Shoulder,170664,9.081924,7.8065424,13.043249,24.167793
p99,Accelerated Transition,FY2028,Off-peak,105012,13.347521,10.901527,17.513062,33.176353
p99,Accelerated Transition,FY2028,Peak,39384,14.092715,11.906334,21.846622,42.503468
p99,Accelerated Transition,FY2028,Shoulder,170664,16.54121,14.462482,23.467705,41.66283
p99,Accelerated Transition,FY2029,Off-peak,105012,21.589552,17.706898,28.30887,51.565823
p99,Accelerated Transition,FY2029,Peak,39384,22.151703,18.929276,34.02477,62.73923
p99,Accelerated Transition,FY2029,Shoulder,170664,26.023415,23.183168,37.22905,64.00841
p99,Accelerated Transition,FY2030,Off-peak,105012,34.497864,28.745972,46.331207,78.763016
p99,Accelerated Transition,FY2030,Peak,39384,34.62446,30.918282,52.36657,88.33227
p99,Accelerated Transition,FY2030,Shoulder,170664,39.1391,35.51847,56.91976,94.79667
p99,Slower Growth,FY2026,Off-peak,105012,1.2234048,0.7284584,1.7530813,4.9098577
p99,Slower Growth,FY2026,Peak,39384,1.3196311,0.463562,2.1150951,7.2878213
p99,Slower Growth,FY2026,Shoulder,170664,1.5136373,0.9476547,2.4087582,6.190741
p99,Slower Growth,FY2027,Off-peak,105012,2.440648,1.7378044,3.3256693,8.046587
p99,Slower Growth,FY2027,Peak,39384,2.6018639,1.613575,4.236639,11.9527645
p99,Slower Growth,FY2027,Shoulder,170664,3.0394292,2.3605022,4.624402,10.027648
p99,Slower Growth,FY2028,Off-peak,105012,3.654442,2.7304115,4.9245033,10.899223
p99,Slower Growth,FY2028,Peak,39384,3.8828297,2.7688675,6.2543087,15.985352
p99,Slower Growth,FY2028,Shoulder,170664,4.554236,3.731804,6.714423,13.683338
p99,Slower Growth,FY2029,Off-peak,105012,5.165495,3.9946632,6.8396044,14.483016
p99,Slower Growth,FY2029,Peak,39384,5.4688053,4.244339,8.771347,20.373386
p99,Slower Growth,FY2029,Shoulder,170664,6.4569397,5.455763,9.346943,18.12909
p99,Slower Growth,FY2030,Off-peak,105012,6.9744515,5.506115,9.199482,18.765738
p99,Slower Growth,FY2030,Peak,39384,7.3821793,5.9398613,11.833889,25.319155
p99,Slower Growth,FY2030,Shoulder,170664,8.706358,7.471493,12.540695,23.26033
p99,Step Change,FY2026,Off-peak,105012,2.1334958,1.4931831,2.9287987,7.2651167
p99,Step Change,FY2026,Peak,39384,2.2902033,1.3477325,3.7465572,10.83248
p99,Step Change,FY2026,Shoulder,170664,2.6591163,2.0060654,4.078861,9.094419
p99,Step Change,FY2027,Off-peak,105012,4.8618236,3.7389336,6.480833,13.758258
p99,Step Change,FY2027,Peak,39384,5.1561947,3.968525,8.268055,19.434195
p99,Step Change,FY2027,Shoulder,170664,6.073888,5.1235313,8.827164,17.24182
p99,Step Change,FY2028,Off-peak,105012,7.882341,6.2685413,10.399176,20.80869
p99,Step Change,FY2028,Peak,39384,8.337451,6.775688,13.277573,27.64442
p99,Step Change,FY2028,Shoulder,170664,9.832427,8.486057,14.078146,25.805962
p99,Step Change,FY2029,Off-peak,105012,11.817349,9.61388,15.503073,29.76343
p99,Step Change,FY2029,Peak,39384,12.499549,10.537373,19.473001,38.858616
p99,Step Change,FY2029,Shoulder,170664,14.70863,12.83136,20.847998,37.42276
p99,Step Change,FY2030,Off-peak,105012,17.08156,13.967506,22.398376,41.46468
p99,Step Change,FY2030,Peak,39384,17.843967,15.108757,27.624487,52.05951
p99,Step Change,FY2030,Shoulder,170664,20.955183,18.40922,29.768856,52.13377
p99.5,Accelerated Transition,FY2026,Off-peak,105012,3.0198677,2.2376022,4.1025076,9.450029
p99.5,Accelerated Transition,FY2026,Peak,39384,3.4668064,2.2401123,5.354912,15.432463
p99.5,Accelerated Transition,FY2026,Shoulder,170664,3.8207574,3.0437088,5.688822,11.835714
p99.5,Accelerated Transition,FY2027,Off-peak,105012,7.236002,5.7860107,9.5021,19.248644
p99.5,Accelerated Transition,FY2027,Peak,39384,8.277922,6.3582573,12.487843,29.275347
p99.5,Accelerated Transition,FY2027,Shoulder,170664,9.182187,7.853405,13.046593,24.116009
p99.5,Accelerated Transition,FY2028,Off-peak,105012,13.297332,10.838448,17.330017,33.265583
p99.5,Accelerated Transition,FY2028,Peak,39384,15.30387,12.354168,22.567015,48.16473
p99.5,Accelerated Transition,FY2028,Shoulder,170664,16.803047,14.610178,23.583422,41.957752
p99.5,Accelerated Transition,FY2029,Off-peak,105012,21.531082,17.674133,28.343292,51.63622
p99.5,Accelerated Transition,FY2029,Peak,39384,24.51626,20.366112,36.061356,71.04257
p99.5,Accelerated Transition,FY2029,Shoulder,170664,26.592655,23.557064,37.57426,65.17763
p99.5,Accelerated Transition,FY2030,Off-peak,105012,34.52426,28.581942,46.46816,79.184456
p99.5,Accelerated Transition,FY2030,Peak,39384,38.62621,33.654396,56.619427,101.538376
p99.5,Accelerated Transition,FY2030,Shoulder,170664,40.395496,36.54662,58.034286,97.73766
p99.5,Slower Growth,FY2026,Off-peak,105012,1.207203,0.698719,1.7627106,4.832818
p99.5,Slower Growth,FY2026,Peak,39384,1.420439,0.48919296,2.1200714,7.8503814
p99.5,Slower Growth,FY2026,Shoulder,170664,1.5353771,0.94290566,2.4284105,6.282837
p99.5,Slower Growth,FY2027,Off-peak,105012,2.4200497,1.7347183,3.3384476,8.132208
p99.5,Slower Growth,FY2027,Peak,39384,2.7698457,1.6532402,4.2634583,12.929425
p99.5,Slower Growth,FY2027,Shoulder,170664,3.064326,2.3695006,4.6106634,9.99498
p99.5,Slower Growth,FY2028,Off-peak,105012,3.6319933,2.7423248,4.8532333,10.886747
p99.5,Slower Growth,FY2028,Peak,39384,4.133682,2.8350372,6.4034557,17.538622
p99.5,Slower Growth,FY2028,Shoulder,170664,4.5880737,3.7086744,6.747711,13.640445
p99.5,Slower Growth,FY2029,Off-peak,105012,5.1421824,3.987564,6.808591,14.387436
p99.5,Slower Growth,FY2029,Peak,39384,5.850687,4.3007584,8.942574,22.600117
p99.5,Slower Growth,FY2029,Shoulder,170664,6.504848,5.452671,9.374225,17.955734
p99.5,Slower Growth,FY2030,Off-peak,105012,6.9349394,5.528549,9.098356,18.585772
p99.5,Slower Growth,FY2030,Peak,39384,7.9240966,6.0712814,11.952076,28.453802
p99.5,Slower Growth,FY2030,Shoulder,170664,8.800643,7.526785,12.5330105,23.196545
p99.5,Step Change,FY2026,Off-peak,105012,2.1139343,1.4779243,2.9485054,7.3219476
p99.5,Step Change,FY2026,Peak,39384,2.433806,1.3747063,3.7405548,11.697361
p99.5,Step Change,FY2026,Shoulder,170664,2.6827686,2.011261,4.0859632,9.090739
p99.5,Step Change,FY2027,Off-peak,105012,4.842227,3.738575,6.434428,13.689901
p99.5,Step Change,FY2027,Peak,39384,5.5053596,4.033409,8.412752,21.543644
p99.5,Step Change,FY2027,Shoulder,170664,6.115651,5.103157,8.8700075,17.109995
p99.5,Step Change,FY2028,Off-peak,105012,7.840014,6.2946777,10.24955,20.734844
p99.5,Step Change,FY2028,Peak,39384,8.965689,6.9693375,13.500809,31.004358
p99.5,Step Change,FY2028,Shoulder,170664,9.9474125,8.542969,14.066606,25.870604
p99.5,Step Change,FY2029,Off-peak,105012,11.771476,9.5571785,15.358078,29.81179
p99.5,Step Change,FY2029,Peak,39384,13.509782,10.859367,19.96698,43.406464
p99.5,Step Change,FY2029,Shoulder,170664,14.924016,12.931225,20.92244,37.632442
p99.5,Step Change,FY2030,Off-peak,105012,17.032549,13.918922,22.341022,41.628735
p99.5,Step Change,FY2030,Peak,39384,19.57791,15.990921,28.96175,58.944134
p99.5,Step Change,FY2030,Shoulder,170664,21.346197,18.667837,29.97676,52.729218
p99.9,Accelerated Transition,FY2026,Off-peak,105012,2.9748263,2.2227707,4.076599,8.966196
p99.9,Accelerated Transition,FY2026,Peak,39384,3.7671175,2.238472,5.5043316,17.957382
p99.9,Accelerated Transition,FY2026,Shoulder,170664,3.8898468,3.0659065,5.710801,12.005105
p99.9,Accelerated Transition,FY2027,Off-peak,105012,7.107132,5.6968155,9.376879,18.669716
p99.9,Accelerated Transition,FY2027,Peak,39384,8.996646,6.3250656,12.576622,36.195927
p99.9,Accelerated Transition,FY2027,Shoulder,170664,9.368824,7.906849,13.120375,24.53183
p99.9,Accelerated Transition,FY2028,Off-peak,105012,13.108155,10.587345,17.198101,32.72022
p99.9,Accelerated Transition,FY2028,Peak,39384,16.533722,12.11795,22.704739,59.410816
p99.9,Accelerated Transition,FY2028,Shoulder,170664,17.117008,14.760138,23.595236,43.02984
p99.9,Accelerated Transition,FY2029,Off-peak,105012,21.376562,17.213558,27.717417,51.393055
p99.9,Accelerated Transition,FY2029,Peak,39384,26.415125,20.439728,36.273563,85.34417
p99.9,Accelerated Transition,FY2029,Shoulder,170664,27.065742,23.755348,37.458157,67.27789
p99.9,Accelerated Transition,FY2030,Off-peak,105012,34.373554,27.876217,45.094048,80.46272
p99.9,Accelerated Transition,FY2030,Peak,39384,41.464325,33.766727,57.380615,121.47792
p99.9,Accelerated Transition,FY2030,Shoulder,170664,41.196384,37.015587,58.089783,100.724075
p99.9,Slower Growth,FY2026,Off-peak,105012,1.186038,0.7179642,1.7605286,4.521784
p99.9,Slower Growth,FY2026,Peak,39384,1.5638512,0.4573822,2.189705,8.524833
p99.9,Slower Growth,FY2026,Shoulder,170664,1.552327,0.9390869,2.437172,6.1867843
p99.9,Slower Growth,FY2027,Off-peak,105012,2.3788877,1.710907,3.3326445,7.5370665
p99.9,Slower Growth,FY2027,Peak,39384,3.009552,1.6322289,4.379034,14.998143
p99.9,Slower Growth,FY2027,Shoulder,170664,3.1198328,2.3786077,4.648188,10.0826435
p99.9,Slower Growth,FY2028,Off-peak,105012,3.5695257,2.7123642,4.8703957,10.381378
p99.9,Slower Growth,FY2028,Peak,39384,4.4927883,2.801342,6.54187,20.457104
p99.9,Slower Growth,FY2028,Shoulder,170664,4.67368,3.751289,6.7631693,13.859998
p99.9,Slower Growth,FY2029,Off-peak,105012,5.0405774,3.9644012,6.7756386,13.844698
p99.9,Slower Growth,FY2029,Peak,39384,6.392476,4.2585793,9.108345,26.821503
p99.9,Slower Growth,FY2029,Shoulder,170664,6.6222477,5.514042,9.384563,18.279922
p99.9,Slower Growth,FY2030,Off-peak,105012,6.8099465,5.456959,9.005348,18.02663
p99.9,Slower Growth,FY2030,Peak,39384,8.612803,6.0082626,12.089388,34.901474
p99.9,Slower Growth,FY2030,Shoulder,170664,8.97894,7.5827336,12.608414,23.62499
p99.9,Step Change,FY2026,Off-peak,105012,2.0795083,1.4570312,2.9344025,6.838964
p99.9,Step Change,FY2026,Peak,39384,2.6384954,1.3380775,3.8378944,13.364674
p99.9,Step Change,FY2026,Shoulder,170664,2.728503,2.0285969,4.1055336,9.135988
p99.9,Step Change,FY2027,Off-peak,105012,4.7448764,3.716133,6.394211,13.168535
p99.9,Step Change,FY2027,Peak,39384,6.0028505,3.9644318,8.58374,25.649876
p99.9,Step Change,FY2027,Shoulder,170664,6.2248526,5.1638584,8.873236,17.41411
p99.9,Step Change,FY2028,Off-peak,105012,7.701837,6.1934357,10.125526,19.9847
p99.9,Step Change,FY2028,Peak,39384,9.741129,6.8762016,13.5226555,38.969383
p99.9,Step Change,FY2028,Shoulder,170664,10.150285,8.593418,14.153523,26.314316
p99.9,Step Change,FY2029,Off-peak,105012,11.592084,9.3524685,15.192577,29.034578
p99.9,Step Change,FY2029,Peak,39384,14.64356,10.638023,20.269005,54.822426
p99.9,Step Change,FY2029,Shoulder,170664,15.204345,13.088909,20.986067,38.509052
p99.9,Step Change,FY2030,Off-peak,105012,16.860498,13.6189785,21.86863,41.525677
p99.9,Step Change,FY2030,Peak,39384,21.033352,15.62442,28.776363,71.79041
p99.9,Step Change,FY2030,Shoulder,170664,21.741879,18.848846,29.925028,54.355736
